STATE,State Name,Hispanic or Latino (White alone)
42,Pennsylvania,469886
06,California,7688576
54,West Virginia,17574
49,Utah,227689
36,New York,1393748
11,District of Columbia,30514
02,Alaska,26982
12,Florida,3868366
45,South Carolina,156218
38,North Dakota,15186
23,Maine,13917
13,Georgia,541976
01,Alabama,110687
33,New Hampshire,32573
41,Oregon,320587
56,Wyoming,39430
04,Arizona,1408776
22,Louisiana,136266
18,Indiana,256901
16,Idaho,123450
09,Connecticut,292052
15,Hawaii,36563
17,Illinois,1136608
25,Massachusetts,396765
48,Texas,7955146
30,Montana,23375
31,Nebraska,134129
39,Ohio,253508
08,Colorado,796855
34,New Jersey,961340
24,Maryland,246554
51,Virginia,434100
50,Vermont,7759
37,North Carolina,516151
05,Arkansas,114860
53,Washington,455972
20,Kansas,222177
40,Oklahoma,246674
55,Wisconsin,213993
28,Mississippi,48415
29,Missouri,151103
26,Michigan,307280
44,Rhode Island,79900
27,Minnesota,149659
19,Iowa,128472
35,New Mexico,698710
32,Nevada,420889
10,Delaware,57351
72,Puerto Rico,1920736
21,Kentucky,96567
46,South Dakota,19900
47,Tennessee,227309
